{"cameraMode":{"drawMode":0,"name":"Shaded","section":"Shading Mode"},"sceneLighting":true,"audioPlay":false,"sceneViewState":{"showFog":true,"showMaterialUpdate":false,"showSkybox":true,"showFlares":true,"showImageEffects":true,"showParticleSystems":true},"in2DMode":false,"pivot":{"x":-0.5160446166992188,"y":0.37632060050964358,"z":1.2085660696029664},"rotation":{"x":-0.3000218868255615,"y":-0.39316752552986147,"z":0.1374472975730896,"w":-0.8582100868225098},"size":4.018703460693359,"orthographic":false}